<?xml version="1.0" encoding="UTF-8"?>
<index>
	<title>Source of MecGridForOLAP</title>
	<nodes>
		<node label="html-template">
			<node label="history">
				<node icon="cssIcon" label="history.css" url="source/html-template/history/history.css.html"/>
				<node label="history.js" url="source/html-template/history/history.js.txt"/>
				<node icon="htmlIcon" label="historyFrame.html" url="source/html-template/history/historyFrame.html"/>
			</node>
			<node label="AC_OETags.js" url="source/html-template/AC_OETags.js.txt"/>
			<node icon="htmlIcon" label="index.template.html" url="source/html-template/index.template.html"/>
			<node icon="swfIcon" label="playerProductInstall.swf" url="source/html-template/playerProductInstall.swf"/>
		</node>
		<node label="libs">
		</node>
		<node icon="classpathIcon" label="src" expanded="true">
			<node label="assets">
				<node icon="imageIcon" label="Delete_Small.png" url="source/assets/Delete_Small.png.html"/>
			</node>
			<node icon="packageIcon" label="com" expanded="true">
				<node icon="cssIcon" label="darkroom.css" url="source/com/darkroom.css.html"/>
			</node>
			<node icon="packageIcon" label="com.adobe.flex.extras.controls" expanded="true">
				<node icon="actionScriptIcon" label="PivotComponent.as" url="source/com/adobe/flex/extras/controls/PivotComponent.as.html"/>
			</node>
			<node icon="packageIcon" label="com.adobe.flex.extras.controls.myEvent" expanded="true">
				<node icon="actionScriptIcon" label="EnableChangeEvent.as" url="source/com/adobe/flex/extras/controls/myEvent/EnableChangeEvent.as.html"/>
			</node>
			<node icon="packageIcon" label="com.adobe.flex.extras.controls.pivotComponentClasses" expanded="true">
				<node icon="actionScriptIcon" label="DimensionList.as" url="source/com/adobe/flex/extras/controls/pivotComponentClasses/DimensionList.as.html"/>
				<node icon="actionScriptIcon" label="MeasuresList.as" url="source/com/adobe/flex/extras/controls/pivotComponentClasses/MeasuresList.as.html"/>
				<node icon="mxmlIcon" label="OLAPChartExtension.mxml" url="source/com/adobe/flex/extras/controls/pivotComponentClasses/OLAPChartExtension.mxml.html"/>
				<node icon="actionScriptIcon" label="OLAPDataGridEx.as" url="source/com/adobe/flex/extras/controls/pivotComponentClasses/OLAPDataGridEx.as.html"/>
				<node icon="mxmlIcon" label="OLAPDataGridExtension.mxml" url="source/com/adobe/flex/extras/controls/pivotComponentClasses/OLAPDataGridExtension.mxml.html"/>
			</node>
			<node icon="packageIcon" label="com.adobe.flex.extras.controls.pivotComponentClasses.helperClasses" expanded="true">
				<node icon="actionScriptIcon" label="ChartCheckbox.as" url="source/com/adobe/flex/extras/controls/pivotComponentClasses/helperClasses/ChartCheckbox.as.html"/>
				<node icon="actionScriptIcon" label="ChartPopUpButton.as" url="source/com/adobe/flex/extras/controls/pivotComponentClasses/helperClasses/ChartPopUpButton.as.html"/>
				<node icon="imageIcon" label="Delete_Small.png" url="source/com/adobe/flex/extras/controls/pivotComponentClasses/helperClasses/Delete_Small.png.html"/>
				<node icon="actionScriptIcon" label="MeasuresComboBox.as" url="source/com/adobe/flex/extras/controls/pivotComponentClasses/helperClasses/MeasuresComboBox.as.html"/>
				<node icon="actionScriptIcon" label="MyCheckBox.as" url="source/com/adobe/flex/extras/controls/pivotComponentClasses/helperClasses/MyCheckBox.as.html"/>
				<node icon="actionScriptIcon" label="PivotListData.as" url="source/com/adobe/flex/extras/controls/pivotComponentClasses/helperClasses/PivotListData.as.html"/>
				<node icon="actionScriptIcon" label="PivotListHeader.as" url="source/com/adobe/flex/extras/controls/pivotComponentClasses/helperClasses/PivotListHeader.as.html"/>
				<node icon="actionScriptIcon" label="PivotPopUpButton.as" url="source/com/adobe/flex/extras/controls/pivotComponentClasses/helperClasses/PivotPopUpButton.as.html"/>
				<node icon="actionScriptIcon" label="PopupButtonCover.as" url="source/com/adobe/flex/extras/controls/pivotComponentClasses/helperClasses/PopupButtonCover.as.html"/>
			</node>
			<node icon="packageIcon" label="com.adobe.flex.extras.controls.pivotComponentClasses.olapChartClasses" expanded="true">
				<node icon="actionScriptIcon" label="OLAPCategoryAxis.as" url="source/com/adobe/flex/extras/controls/pivotComponentClasses/olapChartClasses/OLAPCategoryAxis.as.html"/>
				<node icon="actionScriptIcon" label="OLAPChart.as" url="source/com/adobe/flex/extras/controls/pivotComponentClasses/olapChartClasses/OLAPChart.as.html"/>
			</node>
			<node icon="packageIcon" label="com.mechan.MecGrid" expanded="true">
				<node icon="actionScriptIcon" label="MecPivotGrid.as" url="source/com/mechan/MecGrid/MecPivotGrid.as.html"/>
				<node icon="mxmlIcon" label="MecPivotGridEx.mxml" url="source/com/mechan/MecGrid/MecPivotGridEx.mxml.html"/>
			</node>
			<node icon="packageIcon" label="mx.controls" expanded="true">
				<node icon="actionScriptIcon" label="PopUpButton.as" url="source/mx/controls/PopUpButton.as.html"/>
			</node>
			<node icon="packageIcon" label="mx.core" expanded="true">
				<node icon="actionScriptIcon" label="Version.as" url="source/mx/core/Version.as.html"/>
			</node>
			<node icon="packageIcon" label="mx.styles.metadata" expanded="true">
				<node icon="actionScriptIcon" label="IconColorStyles.as" url="source/mx/styles/metadata/IconColorStyles.as.html"/>
			</node>
			<node icon="mxmlAppIcon" selected="true" label="MecGridForOLAP.mxml" url="source/MecGridForOLAP.mxml.html"/>
		</node>
	</nodes>
</index>
