<?xml version="1.0" encoding="UTF-8"?>
<index>
	<title>Source of MineSweep</title>
	<nodes>
		<node label="html-template">
			<node label="history">
				<node icon="cssIcon" label="history.css" url="source/html-template/history/history.css.html"/>
				<node label="history.js" url="source/html-template/history/history.js.txt"/>
				<node icon="htmlIcon" label="historyFrame.html" url="source/html-template/history/historyFrame.html"/>
			</node>
			<node label="AC_OETags.js" url="source/html-template/AC_OETags.js.txt"/>
			<node icon="htmlIcon" label="index.template.html" url="source/html-template/index.template.html"/>
			<node icon="swfIcon" label="playerProductInstall.swf" url="source/html-template/playerProductInstall.swf"/>
		</node>
		<node label="libs">
		</node>
		<node icon="classpathIcon" label="src" expanded="true">
			<node label="assets">
				<node icon="imageIcon" label="0.gif" url="source/assets/0.gif.html"/>
				<node icon="imageIcon" label="1.gif" url="source/assets/1.gif.html"/>
				<node icon="imageIcon" label="2.gif" url="source/assets/2.gif.html"/>
				<node icon="imageIcon" label="3.gif" url="source/assets/3.gif.html"/>
				<node icon="imageIcon" label="4.gif" url="source/assets/4.gif.html"/>
				<node icon="imageIcon" label="5.gif" url="source/assets/5.gif.html"/>
				<node icon="imageIcon" label="6.gif" url="source/assets/6.gif.html"/>
				<node icon="imageIcon" label="7.gif" url="source/assets/7.gif.html"/>
				<node icon="imageIcon" label="8.gif" url="source/assets/8.gif.html"/>
				<node icon="imageIcon" label="9.gif" url="source/assets/9.gif.html"/>
				<node icon="imageIcon" label="a.gif" url="source/assets/a.gif.html"/>
				<node icon="imageIcon" label="bl.gif" url="source/assets/bl.gif.html"/>
				<node icon="imageIcon" label="br.gif" url="source/assets/br.gif.html"/>
				<node icon="imageIcon" label="btncool.gif" url="source/assets/btncool.gif.html"/>
				<node icon="imageIcon" label="btndead.gif" url="source/assets/btndead.gif.html"/>
				<node icon="imageIcon" label="btnscare.gif" url="source/assets/btnscare.gif.html"/>
				<node icon="imageIcon" label="btnsmil2.gif" url="source/assets/btnsmil2.gif.html"/>
				<node icon="imageIcon" label="btnsmile.gif" url="source/assets/btnsmile.gif.html"/>
				<node icon="imageIcon" label="buttons.gif" url="source/assets/buttons.gif.html"/>
				<node icon="imageIcon" label="c.gif" url="source/assets/c.gif.html"/>
				<node icon="imageIcon" label="cplleft.gif" url="source/assets/cplleft.gif.html"/>
				<node icon="imageIcon" label="cplright.gif" url="source/assets/cplright.gif.html"/>
				<node icon="imageIcon" label="fielside.gif" url="source/assets/fielside.gif.html"/>
				<node icon="imageIcon" label="footer.gif" url="source/assets/footer.gif.html"/>
				<node icon="imageIcon" label="gamemenu.gif" url="source/assets/gamemenu.gif.html"/>
				<node icon="imageIcon" label="header.gif" url="source/assets/header.gif.html"/>
				<node icon="imageIcon" label="helpmenu.gif" url="source/assets/helpmenu.gif.html"/>
				<node icon="imageIcon" label="menu.gif" url="source/assets/menu.gif.html"/>
				<node icon="imageIcon" label="menu1.gif" url="source/assets/menu1.gif.html"/>
				<node icon="imageIcon" label="menu2.gif" url="source/assets/menu2.gif.html"/>
				<node icon="imageIcon" label="mine.gif" url="source/assets/mine.gif.html"/>
				<node icon="imageIcon" label="minered.gif" url="source/assets/minered.gif.html"/>
				<node icon="imageIcon" label="ml.gif" url="source/assets/ml.gif.html"/>
				<node icon="imageIcon" label="mr.gif" url="source/assets/mr.gif.html"/>
				<node icon="imageIcon" label="nomine.gif" url="source/assets/nomine.gif.html"/>
				<node icon="imageIcon" label="right.gif" url="source/assets/right.gif.html"/>
				<node icon="imageIcon" label="separatr.gif" url="source/assets/separatr.gif.html"/>
				<node icon="imageIcon" label="sq0.gif" url="source/assets/sq0.gif.html"/>
				<node icon="imageIcon" label="sq1.gif" url="source/assets/sq1.gif.html"/>
				<node icon="imageIcon" label="sq2.gif" url="source/assets/sq2.gif.html"/>
				<node icon="imageIcon" label="sq3.gif" url="source/assets/sq3.gif.html"/>
				<node icon="imageIcon" label="sq4.gif" url="source/assets/sq4.gif.html"/>
				<node icon="imageIcon" label="sq5.gif" url="source/assets/sq5.gif.html"/>
				<node icon="imageIcon" label="sq6.gif" url="source/assets/sq6.gif.html"/>
				<node icon="imageIcon" label="sq7.gif" url="source/assets/sq7.gif.html"/>
				<node icon="imageIcon" label="sq8.gif" url="source/assets/sq8.gif.html"/>
				<node icon="imageIcon" label="sqt0.gif" url="source/assets/sqt0.gif.html"/>
				<node icon="imageIcon" label="sqt1.gif" url="source/assets/sqt1.gif.html"/>
				<node icon="imageIcon" label="sqt2.gif" url="source/assets/sqt2.gif.html"/>
				<node icon="imageIcon" label="title.gif" url="source/assets/title.gif.html"/>
				<node icon="imageIcon" label="tl.gif" url="source/assets/tl.gif.html"/>
				<node icon="imageIcon" label="tr.gif" url="source/assets/tr.gif.html"/>
				<node icon="imageIcon" label="winmineicon.gif" url="source/assets/winmineicon.gif.html"/>
			</node>
			<node icon="packageIcon" label="com.mechan.samples" expanded="true">
				<node icon="actionScriptIcon" label="MineSweeper.as" url="source/com/mechan/samples/MineSweeper.as.html"/>
				<node icon="actionScriptIcon" label="MineSweeperEvent.as" url="source/com/mechan/samples/MineSweeperEvent.as.html"/>
			</node>
			<node icon="mxmlAppIcon" selected="true" label="MineSweep.mxml" url="source/MineSweep.mxml.html"/>
		</node>
	</nodes>
</index>
